{"enemyDetailsArray":[{"Tag":"Enemy1","Position":{"x":66.55999755859375,"y":2.033906936645508}},{"Tag":"Enemy2","Position":{"x":71.91661834716797,"y":1.9759483337402344}},{"Tag":"Enemy2","Position":{"x":75.85999298095703,"y":3.059999704360962}},{"Tag":"Enemy3","Position":{"x":62.279998779296878,"y":2.799999952316284}}]}