{"enemyDetailsArray":[{"Tag":"Enemy1","Position":{"x":-5.460000038146973,"y":-1.5460927486419678}},{"Tag":"Enemy2","Position":{"x":3.8399999141693117,"y":-0.5199999809265137}},{"Tag":"Enemy3","Position":{"x":-9.739999771118164,"y":-0.7799999713897705}}]}